{"count":1,"self":7653.9756543999993,"total":14601.820892799999,"children":{"AgentSendState":{"count":1562617,"self":36.9009792,"total":295.818023,"children":{"CollectObservations":{"count":5000384,"self":15.981919999999999,"total":15.9819208,"children":null},"CollectDiscreteActionMasks":{"count":5000384,"self":3.6104596,"total":3.6104597,"children":null},"AgentInfo.ToProto":{"count":5000384,"self":11.311359999999999,"total":239.32466359999998,"children":{"GenerateSensorData":{"count":5000384,"self":48.983916799999996,"total":228.01330389999998,"children":{"RayPerceptionSensor.Perceive":{"count":15001152,"self":179.0293888,"total":179.0293886,"children":null}}}}}}},"DecideAction":{"count":1562617,"self":6599.0127616,"total":6599.0129351,"children":null},"AgentAct":{"count":1562617,"self":52.740425599999995,"total":53.013233,"children":{"AgentInfo.ToProto":{"count":4992,"self":0.021998999999999998,"total":0.272806,"children":{"GenerateSensorData":{"count":4992,"self":0.0609452,"total":0.250807,"children":{"RayPerceptionSensor.Perceive":{"count":14976,"self":0.1898618,"total":0.1898618,"children":null}}}}}}}},"gauges":{"Hummingbird.CumulativeReward":{"count":4992,"max":69.64736,"min":-25,"runningAverage":38.7091827,"value":48.2698669,"weightedAverage":49.58574}},"metadata":{"timer_format_version":"0.1.0","start_time_seconds":"1606863554","unity_version":"2020.1.15f1","command_line_arguments":"C:\\Program Files\\Unity\\Editor\\2020.1.15f1\\Editor\\Unity.exe -projectpath D:\/Games\/projects\/Hummingbirds -useHub -hubIPC -cloudEnvironment production -hubSessionId 9bcde240-32db-11eb-9002-e91a8996a772 -accessToken uuFHTMn5wDdp62Z5wnmBJJ1YX2CZhW4zvcHU3m1_e1Y00ff","communication_protocol_version":"1.0.0","com.unity.ml-agents_version":"1.0.6","scene_name":"Training","end_time_seconds":"1606878155"}}