{"cameraMode":{"drawMode":0,"name":"Shaded","section":"Shading Mode"},"sceneLighting":false,"audioPlay":false,"sceneViewState":{"showFog":true,"showMaterialUpdate":false,"showSkybox":false,"showFlares":true,"showImageEffects":true,"showParticleSystems":true,"showVisualEffectGraphs":true,"m_FxEnabled":true},"in2DMode":false,"pivot":{"x":0.00001947954297065735,"y":0.03846524655818939,"z":0.0010343287140130997},"rotation":{"x":-0.26184797286987307,"y":0.6293196082115173,"z":-0.23817895352840424,"w":-0.69185870885849},"size":0.06955286115407944,"orthographic":false}