{"cameraMode":{"drawMode":0,"name":"Shaded","section":"Shading Mode"},"sceneLighting":false,"audioPlay":false,"sceneViewState":{"showFog":true,"showMaterialUpdate":false,"showSkybox":false,"showFlares":true,"showImageEffects":true,"showParticleSystems":true,"showVisualEffectGraphs":true,"m_FxEnabled":true},"in2DMode":false,"pivot":{"x":0.009132906794548035,"y":-0.011432431638240815,"z":0.011089816689491272},"rotation":{"x":0.21451842784881593,"y":0.4872080087661743,"z":-0.12482311576604843,"w":0.8372876644134522},"size":0.23650914430618287,"orthographic":false}